what,kind,bundleId,bundleVersion,description,time
deactivated,workbench,org.eclipse.ui.workbench,3.7.0.I20110519-0100,"",1525600776913
activated,workbench,org.eclipse.ui.workbench,3.7.0.I20110519-0100,"",1525600786139
activated,view,org.eclipse.ui.console,3.5.100.v20110511,"org.eclipse.ui.console.ConsoleView",1525600790064
activated,editor,org.eclipse.jdt.ui,3.7.0.v20110531-1200,"org.eclipse.jdt.ui.CompilationUnitEditor",1525600790938
executed,command,org.eclipse.ui,3.7.0.I20110602-0100,"org.eclipse.ui.edit.cut",1525600794382
executed,command,org.eclipse.ui,3.7.0.I20110602-0100,"org.eclipse.ui.edit.paste",1525600803434
executed,command,org.eclipse.ui,3.7.0.I20110602-0100,"org.eclipse.ui.file.save",1525600805282
deactivated,workbench,org.eclipse.ui.workbench,3.7.0.I20110519-0100,"",1525600807610
activated,workbench,org.eclipse.ui.workbench,3.7.0.I20110519-0100,"",1525600807693
executed,command,org.eclipse.ui,3.7.0.I20110602-0100,"org.eclipse.ui.edit.copy",1525600809068
executed,command,org.eclipse.ui,3.7.0.I20110602-0100,"org.eclipse.ui.edit.paste",1525600810125
executed,command,org.eclipse.ui,3.7.0.I20110602-0100,"org.eclipse.ui.file.save",1525600810808
started,bundle,org.eclipse.jdt.junit.core,3.7.0.v20110518-0800,"org.eclipse.jdt.junit.core",1525600812406
deactivated,workbench,org.eclipse.ui.workbench,3.7.0.I20110519-0100,"",1525600933080
activated,workbench,org.eclipse.ui.workbench,3.7.0.I20110519-0100,"",1525600939550
activated,perspective,org.eclipse.jst.j2ee.ui,1.1.500.v201104151900,"org.eclipse.jst.j2ee.J2EEPerspective",1525600943075
activated,view,org.eclipse.jdt.ui,3.7.0.v20110531-1200,"org.eclipse.jdt.ui.PackageExplorer",1525600946298
activated,editor,org.eclipse.jdt.ui,3.7.0.v20110531-1200,"org.eclipse.jdt.ui.CompilationUnitEditor",1525600946451
executed,command,org.eclipse.ui,3.7.0.I20110602-0100,"org.eclipse.ui.edit.copy",1525600948451
deactivated,workbench,org.eclipse.ui.workbench,3.7.0.I20110519-0100,"",1525600949195
activated,workbench,org.eclipse.ui.workbench,3.7.0.I20110519-0100,"",1525600954143
deactivated,workbench,org.eclipse.ui.workbench,3.7.0.I20110519-0100,"",1525600954170
activated,editor,org.eclipse.jdt.ui,3.7.0.v20110531-1200,"org.eclipse.jdt.ui.CompilationUnitEditor",1525600954335
activated,workbench,org.eclipse.ui.workbench,3.7.0.I20110519-0100,"",1525600956053
activated,perspective,org.eclipse.debug.ui,3.7.0.v20110518,"org.eclipse.debug.ui.DebugPerspective",1525600956114
activated,view,org.eclipse.ui.console,3.5.100.v20110511,"org.eclipse.ui.console.ConsoleView",1525600969019
activated,editor,org.eclipse.jdt.ui,3.7.0.v20110531-1200,"org.eclipse.jdt.ui.CompilationUnitEditor",1525600975829
activated,view,org.eclipse.ui.console,3.5.100.v20110511,"org.eclipse.ui.console.ConsoleView",1525600976752
activated,editor,org.eclipse.jdt.ui,3.7.0.v20110531-1200,"org.eclipse.jdt.ui.CompilationUnitEditor",1525600977484
activated,view,org.eclipse.debug.ui,3.7.0.v20110518,"org.eclipse.debug.ui.VariableView",1525600979406
activated,perspective,org.eclipse.jst.j2ee.ui,1.1.500.v201104151900,"org.eclipse.jst.j2ee.J2EEPerspective",1525600980610
activated,editor,org.eclipse.jdt.ui,3.7.0.v20110531-1200,"org.eclipse.jdt.ui.CompilationUnitEditor",1525600980632
deactivated,workbench,org.eclipse.ui.workbench,3.7.0.I20110519-0100,"",1525600983763
activated,workbench,org.eclipse.ui.workbench,3.7.0.I20110519-0100,"",1525600983832
activated,editor,org.eclipse.jdt.ui,3.7.0.v20110531-1200,"org.eclipse.jdt.ui.CompilationUnitEditor",1525600984028
executed,command,org.eclipse.ui,3.7.0.I20110602-0100,"org.eclipse.ui.file.save",1525600987948
executed,command,org.eclipse.ui,3.7.0.I20110602-0100,"org.eclipse.ui.edit.copy",1525600989820
executed,command,org.eclipse.ui,3.7.0.I20110602-0100,"org.eclipse.ui.edit.paste",1525600990959
executed,command,org.eclipse.ui,3.7.0.I20110602-0100,"org.eclipse.ui.file.save",1525600995659
deactivated,workbench,org.eclipse.ui.workbench,3.7.0.I20110519-0100,"",1525601022085
activated,workbench,org.eclipse.ui.workbench,3.7.0.I20110519-0100,"",1525601038347
deactivated,workbench,org.eclipse.ui.workbench,3.7.0.I20110519-0100,"",1525601038377
activated,editor,org.eclipse.jdt.ui,3.7.0.v20110531-1200,"org.eclipse.jdt.ui.CompilationUnitEditor",1525601038582
activated,workbench,org.eclipse.ui.workbench,3.7.0.I20110519-0100,"",1525601039784
activated,perspective,org.eclipse.debug.ui,3.7.0.v20110518,"org.eclipse.debug.ui.DebugPerspective",1525601039830
deactivated,workbench,org.eclipse.ui.workbench,3.7.0.I20110519-0100,"",1525601059664
activated,workbench,org.eclipse.ui.workbench,3.7.0.I20110519-0100,"",1525601067272
activated,view,org.eclipse.debug.ui,3.7.0.v20110518,"org.eclipse.debug.ui.DebugView",1525601069358
executed,command,org.eclipse.debug.ui,3.7.0.v20110518,"org.eclipse.debug.ui.commands.Resume",1525601069371
activated,perspective,org.eclipse.jst.j2ee.ui,1.1.500.v201104151900,"org.eclipse.jst.j2ee.J2EEPerspective",1525601075447
activated,editor,org.eclipse.jdt.ui,3.7.0.v20110531-1200,"org.eclipse.jdt.ui.CompilationUnitEditor",1525601075466
activated,view,org.eclipse.ui.console,3.5.100.v20110511,"org.eclipse.ui.console.ConsoleView",1525601081030
activated,view,org.eclipse.wst.server.ui,1.1.306.v20110823_1704,"org.eclipse.wst.server.ui.ServersView",1525601081132
activated,editor,org.eclipse.jdt.ui,3.7.0.v20110531-1200,"org.eclipse.jdt.ui.CompilationUnitEditor",1525601082246
executed,command,org.eclipse.ui,3.7.0.I20110602-0100,"org.eclipse.ui.file.save",1525601090246
executed,command,org.eclipse.ui,3.7.0.I20110602-0100,"org.eclipse.ui.edit.copy",1525601091981
executed,command,org.eclipse.ui,3.7.0.I20110602-0100,"org.eclipse.ui.edit.paste",1525601092876
executed,command,org.eclipse.ui,3.7.0.I20110602-0100,"org.eclipse.ui.edit.text.contentAssist.proposals",1525601096415
executed,command,org.eclipse.ui,3.7.0.I20110602-0100,"org.eclipse.ui.file.save",1525601098315
executed,command,,,"AUTOGEN:::org.eclipse.jdt.debug.CompilationUnitEditor.BreakpointRulerActions/org.eclipse.jdt.debug.ui.actions.ManageBreakpointRulerAction",1525601101964
activated,editor,org.eclipse.jdt.ui,3.7.0.v20110531-1200,"org.eclipse.jdt.ui.CompilationUnitEditor",1525601106830
executed,command,org.eclipse.ui,3.7.0.I20110602-0100,"org.eclipse.ui.edit.copy",1525601108928
activated,editor,org.eclipse.jdt.ui,3.7.0.v20110531-1200,"org.eclipse.jdt.ui.CompilationUnitEditor",1525601109678
executed,command,org.eclipse.ui,3.7.0.I20110602-0100,"org.eclipse.ui.edit.paste",1525601111200
executed,command,org.eclipse.ui,3.7.0.I20110602-0100,"org.eclipse.ui.file.save",1525601111713
executed,command,org.eclipse.ui,3.7.0.I20110602-0100,"org.eclipse.ui.file.save",1525601113226
executed,command,org.eclipse.ui,3.7.0.I20110602-0100,"org.eclipse.ui.file.save",1525601121551
deactivated,workbench,org.eclipse.ui.workbench,3.7.0.I20110519-0100,"",1525601228445
activated,workbench,org.eclipse.ui.workbench,3.7.0.I20110519-0100,"",1525601236219
activated,editor,org.eclipse.jst.jsp.ui,1.1.601.v201108151912,"org.eclipse.jst.jsp.core.jspsource.source",1525601238564
executed,command,org.eclipse.ui,3.7.0.I20110602-0100,"org.eclipse.ui.file.save",1525601246941
activated,view,org.eclipse.ui.console,3.5.100.v20110511,"org.eclipse.ui.console.ConsoleView",1525601248238
deactivated,workbench,org.eclipse.ui.workbench,3.7.0.I20110519-0100,"",1525601249698
activated,workbench,org.eclipse.ui.workbench,3.7.0.I20110519-0100,"",1525601264126
deactivated,workbench,org.eclipse.ui.workbench,3.7.0.I20110519-0100,"",1525601265445
activated,workbench,org.eclipse.ui.workbench,3.7.0.I20110519-0100,"",1525601278786
activated,editor,org.eclipse.jst.jsp.ui,1.1.601.v201108151912,"org.eclipse.jst.jsp.core.jspsource.source",1525601280793
executed,command,org.eclipse.ui,3.7.0.I20110602-0100,"org.eclipse.ui.file.save",1525601287331
deactivated,workbench,org.eclipse.ui.workbench,3.7.0.I20110519-0100,"",1525601288308
activated,workbench,org.eclipse.ui.workbench,3.7.0.I20110519-0100,"",1525601294134
deactivated,workbench,org.eclipse.ui.workbench,3.7.0.I20110519-0100,"",1525601307528
activated,workbench,org.eclipse.ui.workbench,3.7.0.I20110519-0100,"",1525601335050
activated,view,org.eclipse.jdt.ui,3.7.0.v20110531-1200,"org.eclipse.jdt.ui.PackageExplorer",1525601464923
opened,editor,org.eclipse.jdt.ui,3.7.0.v20110531-1200,"org.eclipse.jdt.ui.CompilationUnitEditor",1525601465268
activated,editor,org.eclipse.jdt.ui,3.7.0.v20110531-1200,"org.eclipse.jdt.ui.CompilationUnitEditor",1525601465369
deactivated,workbench,org.eclipse.ui.workbench,3.7.0.I20110519-0100,"",1525601490184
activated,workbench,org.eclipse.ui.workbench,3.7.0.I20110519-0100,"",1525601491302
opened,editor,org.eclipse.jst.jsp.ui,1.1.601.v201108151912,"org.eclipse.jst.jsp.core.jspsource.source",1525601491431
activated,editor,org.eclipse.jst.jsp.ui,1.1.601.v201108151912,"org.eclipse.jst.jsp.core.jspsource.source",1525601491579
executed,command,org.eclipse.ui.ide,3.7.0.I20110519-0100,"org.eclipse.ui.navigate.openResource",1525601491681
executed,command,org.eclipse.ui,3.7.0.I20110602-0100,"org.eclipse.ui.edit.copy",1525601511147
activated,editor,org.eclipse.jst.jsp.ui,1.1.601.v201108151912,"org.eclipse.jst.jsp.core.jspsource.source",1525601513567
executed,command,org.eclipse.ui,3.7.0.I20110602-0100,"org.eclipse.ui.edit.paste",1525601516241
executed,command,org.eclipse.ui,3.7.0.I20110602-0100,"org.eclipse.ui.file.save",1525601517036
activated,view,org.eclipse.ui.console,3.5.100.v20110511,"org.eclipse.ui.console.ConsoleView",1525601566177
activated,view,org.eclipse.wst.server.ui,1.1.306.v20110823_1704,"org.eclipse.wst.server.ui.ServersView",1525601566296
activated,editor,org.eclipse.jst.jsp.ui,1.1.601.v201108151912,"org.eclipse.jst.jsp.core.jspsource.source",1525601567073
executed,command,org.eclipse.ui,3.7.0.I20110602-0100,"org.eclipse.ui.edit.copy",1525601577202
executed,command,org.eclipse.ui,3.7.0.I20110602-0100,"org.eclipse.ui.edit.paste",1525601580575
executed,command,org.eclipse.ui,3.7.0.I20110602-0100,"org.eclipse.ui.file.save",1525601581458
executed,command,org.eclipse.ui,3.7.0.I20110602-0100,"org.eclipse.ui.file.save",1525601595657
executed,command,org.eclipse.ui,3.7.0.I20110602-0100,"org.eclipse.ui.edit.copy",1525601600902
executed,command,org.eclipse.ui,3.7.0.I20110602-0100,"org.eclipse.ui.edit.paste",1525601604087
executed,command,org.eclipse.ui,3.7.0.I20110602-0100,"org.eclipse.ui.edit.copy",1525601645640
executed,command,org.eclipse.ui,3.7.0.I20110602-0100,"org.eclipse.ui.edit.paste",1525601649651
executed,command,org.eclipse.ui,3.7.0.I20110602-0100,"org.eclipse.ui.edit.copy",1525601670575
executed,command,org.eclipse.ui,3.7.0.I20110602-0100,"org.eclipse.ui.edit.paste",1525601675690
executed,command,org.eclipse.ui,3.7.0.I20110602-0100,"org.eclipse.ui.file.save",1525601685443
executed,command,org.eclipse.ui,3.7.0.I20110602-0100,"org.eclipse.ui.file.save",1525601698591
executed,command,org.eclipse.ui.workbench.texteditor,3.7.0.v20110505-0800,"org.eclipse.ui.edit.text.delete.line",1525601705751
executed,command,org.eclipse.ui,3.7.0.I20110602-0100,"org.eclipse.ui.file.save",1525601722641
executed,command,org.eclipse.ui.workbench.texteditor,3.7.0.v20110505-0800,"org.eclipse.ui.edit.text.delete.line",1525601730816
executed,command,org.eclipse.ui,3.7.0.I20110602-0100,"org.eclipse.ui.file.save",1525601731501
executed,command,org.eclipse.ui,3.7.0.I20110602-0100,"org.eclipse.ui.file.save",1525601741017
executed,command,org.eclipse.ui,3.7.0.I20110602-0100,"org.eclipse.ui.edit.copy",1525601754120
executed,command,org.eclipse.ui,3.7.0.I20110602-0100,"org.eclipse.ui.edit.paste",1525601758134
executed,command,org.eclipse.ui,3.7.0.I20110602-0100,"org.eclipse.ui.file.save",1525601759017
executed,command,org.eclipse.ui.workbench.texteditor,3.7.0.v20110505-0800,"org.eclipse.ui.edit.text.delete.line",1525601768913
executed,command,org.eclipse.ui.workbench.texteditor,3.7.0.v20110505-0800,"org.eclipse.ui.edit.text.delete.line",1525601773920
executed,command,org.eclipse.ui.workbench.texteditor,3.7.0.v20110505-0800,"org.eclipse.ui.edit.text.delete.line",1525601793225
executed,command,org.eclipse.ui.workbench.texteditor,3.7.0.v20110505-0800,"org.eclipse.ui.edit.text.delete.line",1525601796970
executed,command,org.eclipse.ui.workbench.texteditor,3.7.0.v20110505-0800,"org.eclipse.ui.edit.text.delete.line",1525601800877
executed,command,org.eclipse.ui.workbench.texteditor,3.7.0.v20110505-0800,"org.eclipse.ui.edit.text.delete.line",1525601806550
executed,command,org.eclipse.ui,3.7.0.I20110602-0100,"org.eclipse.ui.file.save",1525601807392
executed,command,org.eclipse.ui.workbench.texteditor,3.7.0.v20110505-0800,"org.eclipse.ui.edit.text.delete.line",1525601816543
executed,command,org.eclipse.ui,3.7.0.I20110602-0100,"org.eclipse.ui.file.save",1525601834801
deactivated,workbench,org.eclipse.ui.workbench,3.7.0.I20110519-0100,"",1525601835807
activated,workbench,org.eclipse.ui.workbench,3.7.0.I20110519-0100,"",1525601868979
executed,command,org.eclipse.ui,3.7.0.I20110602-0100,"org.eclipse.ui.edit.paste",1525601871864
executed,command,org.eclipse.ui,3.7.0.I20110602-0100,"org.eclipse.ui.file.save",1525601872534
deactivated,workbench,org.eclipse.ui.workbench,3.7.0.I20110519-0100,"",1525601873346
activated,workbench,org.eclipse.ui.workbench,3.7.0.I20110519-0100,"",1525601874483
activated,view,org.eclipse.ui.console,3.5.100.v20110511,"org.eclipse.ui.console.ConsoleView",1525601876702
deactivated,workbench,org.eclipse.ui.workbench,3.7.0.I20110519-0100,"",1525601877743
activated,workbench,org.eclipse.ui.workbench,3.7.0.I20110519-0100,"",1525601908910
activated,editor,org.eclipse.jst.jsp.ui,1.1.601.v201108151912,"org.eclipse.jst.jsp.core.jspsource.source",1525601909432
deactivated,workbench,org.eclipse.ui.workbench,3.7.0.I20110519-0100,"",1525601920068
activated,workbench,org.eclipse.ui.workbench,3.7.0.I20110519-0100,"",1525601923176
executed,command,org.eclipse.ui.workbench.texteditor,3.7.0.v20110505-0800,"org.eclipse.ui.edit.text.delete.line",1525601929939
executed,command,org.eclipse.ui.workbench.texteditor,3.7.0.v20110505-0800,"org.eclipse.ui.edit.text.delete.line",1525601930643
executed,command,org.eclipse.ui,3.7.0.I20110602-0100,"org.eclipse.ui.file.save",1525601931675
deactivated,workbench,org.eclipse.ui.workbench,3.7.0.I20110519-0100,"",1525601933383
activated,workbench,org.eclipse.ui.workbench,3.7.0.I20110519-0100,"",1525602033384
activated,view,org.eclipse.ui.console,3.5.100.v20110511,"org.eclipse.ui.console.ConsoleView",1525602034051
deactivated,workbench,org.eclipse.ui.workbench,3.7.0.I20110519-0100,"",1525602037449
activated,workbench,org.eclipse.ui.workbench,3.7.0.I20110519-0100,"",1525602037531
deactivated,workbench,org.eclipse.ui.workbench,3.7.0.I20110519-0100,"",1525602087578
activated,workbench,org.eclipse.ui.workbench,3.7.0.I20110519-0100,"",1525603138825
activated,editor,org.eclipse.jst.jsp.ui,1.1.601.v201108151912,"org.eclipse.jst.jsp.core.jspsource.source",1525603139274
activated,editor,org.eclipse.jdt.ui,3.7.0.v20110531-1200,"org.eclipse.jdt.ui.CompilationUnitEditor",1525603142796
activated,editor,org.eclipse.jst.jsp.ui,1.1.601.v201108151912,"org.eclipse.jst.jsp.core.jspsource.source",1525603143433
executed,command,org.eclipse.ui,3.7.0.I20110602-0100,"org.eclipse.ui.edit.copy",1525603149670
executed,command,org.eclipse.ui,3.7.0.I20110602-0100,"org.eclipse.ui.edit.copy",1525603149803
activated,editor,org.eclipse.jst.jsp.ui,1.1.601.v201108151912,"org.eclipse.jst.jsp.core.jspsource.source",1525603150702
executed,command,org.eclipse.ui,3.7.0.I20110602-0100,"org.eclipse.ui.edit.paste",1525603155432
executed,command,org.eclipse.ui,3.7.0.I20110602-0100,"org.eclipse.ui.edit.undo",1525603158784
executed,command,org.eclipse.ui,3.7.0.I20110602-0100,"org.eclipse.ui.edit.paste",1525603162621
executed,command,org.eclipse.ui,3.7.0.I20110602-0100,"org.eclipse.ui.file.save",1525603163324
executed,command,org.eclipse.ui,3.7.0.I20110602-0100,"org.eclipse.ui.file.save",1525603171641
deactivated,workbench,org.eclipse.ui.workbench,3.7.0.I20110519-0100,"",1525603172712
activated,workbench,org.eclipse.ui.workbench,3.7.0.I20110519-0100,"",1525603213853
executed,command,org.eclipse.ui,3.7.0.I20110602-0100,"org.eclipse.ui.edit.copy",1525603218725
executed,command,org.eclipse.ui,3.7.0.I20110602-0100,"org.eclipse.ui.edit.paste",1525603220081
executed,command,org.eclipse.ui,3.7.0.I20110602-0100,"org.eclipse.ui.edit.paste",1525603221468
executed,command,org.eclipse.ui,3.7.0.I20110602-0100,"org.eclipse.ui.edit.paste",1525603223268
executed,command,org.eclipse.ui,3.7.0.I20110602-0100,"org.eclipse.ui.file.save",1525603223847
deactivated,workbench,org.eclipse.ui.workbench,3.7.0.I20110519-0100,"",1525603224557
activated,workbench,org.eclipse.ui.workbench,3.7.0.I20110519-0100,"",1525603232177
executed,command,org.eclipse.ui,3.7.0.I20110602-0100,"org.eclipse.ui.file.save",1525603242022
deactivated,workbench,org.eclipse.ui.workbench,3.7.0.I20110519-0100,"",1525603243016
activated,workbench,org.eclipse.ui.workbench,3.7.0.I20110519-0100,"",1525603263317
executed,command,org.eclipse.ui,3.7.0.I20110602-0100,"org.eclipse.ui.file.save",1525603278113
activated,view,org.eclipse.ui.console,3.5.100.v20110511,"org.eclipse.ui.console.ConsoleView",1525603279584
activated,view,org.eclipse.wst.server.ui,1.1.306.v20110823_1704,"org.eclipse.wst.server.ui.ServersView",1525603279707
activated,editor,org.eclipse.jst.jsp.ui,1.1.601.v201108151912,"org.eclipse.jst.jsp.core.jspsource.source",1525603282425
activated,editor,org.eclipse.jdt.ui,3.7.0.v20110531-1200,"org.eclipse.jdt.ui.CompilationUnitEditor",1525603284632
executed,command,org.eclipse.ui,3.7.0.I20110602-0100,"org.eclipse.ui.edit.copy",1525603287954
executed,command,org.eclipse.ui,3.7.0.I20110602-0100,"org.eclipse.ui.edit.paste",1525603289334
executed,command,org.eclipse.ui,3.7.0.I20110602-0100,"org.eclipse.ui.file.save",1525603289901
executed,command,org.eclipse.ui,3.7.0.I20110602-0100,"org.eclipse.ui.file.save",1525603291460
executed,command,org.eclipse.ui,3.7.0.I20110602-0100,"org.eclipse.ui.edit.copy",1525603296989
executed,command,org.eclipse.ui,3.7.0.I20110602-0100,"org.eclipse.ui.edit.copy",1525603301630
executed,command,org.eclipse.ui,3.7.0.I20110602-0100,"org.eclipse.ui.edit.paste",1525603302626
executed,command,org.eclipse.ui,3.7.0.I20110602-0100,"org.eclipse.ui.file.save",1525603305366
executed,command,org.eclipse.ui,3.7.0.I20110602-0100,"org.eclipse.ui.edit.copy",1525603307444
executed,command,org.eclipse.ui,3.7.0.I20110602-0100,"org.eclipse.ui.edit.paste",1525603308420
executed,command,org.eclipse.ui,3.7.0.I20110602-0100,"org.eclipse.ui.file.save",1525603309029
activated,view,org.eclipse.jdt.ui,3.7.0.v20110531-1200,"org.eclipse.jdt.ui.PackageExplorer",1525603439971
opened,editor,org.eclipse.jdt.ui,3.7.0.v20110531-1200,"org.eclipse.jdt.ui.CompilationUnitEditor",1525603440134
activated,editor,org.eclipse.jdt.ui,3.7.0.v20110531-1200,"org.eclipse.jdt.ui.CompilationUnitEditor",1525603440222
activated,view,org.eclipse.jdt.ui,3.7.0.v20110531-1200,"org.eclipse.jdt.ui.PackageExplorer",1525603451006
activated,editor,org.eclipse.jdt.ui,3.7.0.v20110531-1200,"org.eclipse.jdt.ui.CompilationUnitEditor",1525603451104
activated,view,org.eclipse.jdt.ui,3.7.0.v20110531-1200,"org.eclipse.jdt.ui.PackageExplorer",1525603451864
opened,editor,org.eclipse.jdt.ui,3.7.0.v20110531-1200,"org.eclipse.jdt.ui.CompilationUnitEditor",1525603452095
activated,editor,org.eclipse.jdt.ui,3.7.0.v20110531-1200,"org.eclipse.jdt.ui.CompilationUnitEditor",1525603452196
activated,editor,org.eclipse.jdt.ui,3.7.0.v20110531-1200,"org.eclipse.jdt.ui.CompilationUnitEditor",1525603466225
activated,editor,org.eclipse.jdt.ui,3.7.0.v20110531-1200,"org.eclipse.jdt.ui.CompilationUnitEditor",1525603467259
executed,command,org.eclipse.ui,3.7.0.I20110602-0100,"org.eclipse.ui.file.save",1525603471171
executed,command,org.eclipse.ui.workbench.texteditor,3.7.0.v20110505-0800,"org.eclipse.ui.edit.text.delete.line",1525603473217
executed,command,org.eclipse.ui,3.7.0.I20110602-0100,"org.eclipse.ui.file.save",1525603474129
deactivated,workbench,org.eclipse.ui.workbench,3.7.0.I20110519-0100,"",1525603618996
activated,workbench,org.eclipse.ui.workbench,3.7.0.I20110519-0100,"",1525603704944
activated,view,org.eclipse.jdt.ui,3.7.0.v20110531-1200,"org.eclipse.jdt.ui.PackageExplorer",1525603706468
deactivated,workbench,org.eclipse.ui.workbench,3.7.0.I20110519-0100,"",1525603715472
activated,workbench,org.eclipse.ui.workbench,3.7.0.I20110519-0100,"",1525603725572
executed,command,org.eclipse.ui,3.7.0.I20110602-0100,"org.eclipse.ui.newWizard",1525603725584
opened,editor,org.eclipse.jdt.ui,3.7.0.v20110531-1200,"org.eclipse.jdt.ui.CompilationUnitEditor",1525603725660
activated,editor,org.eclipse.jdt.ui,3.7.0.v20110531-1200,"org.eclipse.jdt.ui.CompilationUnitEditor",1525603725765
executed,command,org.eclipse.ui,3.7.0.I20110602-0100,"org.eclipse.ui.edit.undo",1525603729700
executed,command,org.eclipse.ui,3.7.0.I20110602-0100,"org.eclipse.ui.edit.paste",1525603731121
executed,command,org.eclipse.ui.workbench.texteditor,3.7.0.v20110505-0800,"org.eclipse.ui.edit.text.delete.line",1525603733658
executed,command,org.eclipse.ui,3.7.0.I20110602-0100,"org.eclipse.ui.edit.undo",1525603734865
executed,command,org.eclipse.ui,3.7.0.I20110602-0100,"org.eclipse.ui.edit.undo",1525603735957
executed,command,org.eclipse.ui,3.7.0.I20110602-0100,"org.eclipse.ui.edit.copy",1525603737860
executed,command,org.eclipse.ui,3.7.0.I20110602-0100,"org.eclipse.ui.edit.paste",1525603739287
deactivated,workbench,org.eclipse.ui.workbench,3.7.0.I20110519-0100,"",1525603741022
activated,workbench,org.eclipse.ui.workbench,3.7.0.I20110519-0100,"",1525603746649
executed,command,org.eclipse.ui,3.7.0.I20110602-0100,"org.eclipse.ui.edit.paste",1525603748081
executed,command,org.eclipse.ui,3.7.0.I20110602-0100,"org.eclipse.ui.file.save",1525603748581
deactivated,workbench,org.eclipse.ui.workbench,3.7.0.I20110519-0100,"",1525603754031
activated,workbench,org.eclipse.ui.workbench,3.7.0.I20110519-0100,"",1525603757610
executed,command,org.eclipse.ui,3.7.0.I20110602-0100,"org.eclipse.ui.edit.paste",1525603759838
executed,command,org.eclipse.ui,3.7.0.I20110602-0100,"org.eclipse.ui.file.save",1525603760438
deactivated,workbench,org.eclipse.ui.workbench,3.7.0.I20110519-0100,"",1525603765762
activated,workbench,org.eclipse.ui.workbench,3.7.0.I20110519-0100,"",1525603797005
executed,command,org.eclipse.ui,3.7.0.I20110602-0100,"org.eclipse.ui.edit.undo",1525603799334
activated,view,org.eclipse.jdt.ui,3.7.0.v20110531-1200,"org.eclipse.jdt.ui.PackageExplorer",1525603800300
deactivated,workbench,org.eclipse.ui.workbench,3.7.0.I20110519-0100,"",1525603803234
closed,editor,org.eclipse.jdt.ui,3.7.0.v20110531-1200,"org.eclipse.jdt.ui.CompilationUnitEditor",1525603805804
activated,workbench,org.eclipse.ui.workbench,3.7.0.I20110519-0100,"",1525603805914
executed,command,org.eclipse.ui,3.7.0.I20110602-0100,"org.eclipse.ui.edit.delete",1525603805926
activated,editor,org.eclipse.jdt.ui,3.7.0.v20110531-1200,"org.eclipse.jdt.ui.CompilationUnitEditor",1525603806967
executed,command,org.eclipse.ui,3.7.0.I20110602-0100,"org.eclipse.ui.edit.paste",1525603809311
executed,command,org.eclipse.ui,3.7.0.I20110602-0100,"org.eclipse.ui.file.save",1525603809802
deactivated,workbench,org.eclipse.ui.workbench,3.7.0.I20110519-0100,"",1525603812469
activated,workbench,org.eclipse.ui.workbench,3.7.0.I20110519-0100,"",1525603812555
executed,command,org.eclipse.ui,3.7.0.I20110602-0100,"org.eclipse.ui.file.save",1525603813439
executed,command,org.eclipse.ui,3.7.0.I20110602-0100,"org.eclipse.ui.file.save",1525603816636
deactivated,workbench,org.eclipse.ui.workbench,3.7.0.I20110519-0100,"",1525603819309
activated,workbench,org.eclipse.ui.workbench,3.7.0.I20110519-0100,"",1525603819396
executed,command,org.eclipse.ui,3.7.0.I20110602-0100,"org.eclipse.ui.edit.undo",1525603821593
executed,command,org.eclipse.ui.workbench.texteditor,3.7.0.v20110505-0800,"org.eclipse.ui.edit.text.delete.line",1525603828301
executed,command,org.eclipse.ui,3.7.0.I20110602-0100,"org.eclipse.ui.file.save",1525603828894
executed,command,org.eclipse.ui.workbench.texteditor,3.7.0.v20110505-0800,"org.eclipse.ui.edit.text.delete.line",1525603862691
executed,command,org.eclipse.ui,3.7.0.I20110602-0100,"org.eclipse.ui.file.save",1525603863155
executed,command,org.eclipse.ui,3.7.0.I20110602-0100,"org.eclipse.ui.file.save",1525603864968
executed,command,org.eclipse.ui,3.7.0.I20110602-0100,"org.eclipse.ui.file.save",1525603871058
executed,command,org.eclipse.ui,3.7.0.I20110602-0100,"org.eclipse.ui.file.save",1525603873106
deactivated,workbench,org.eclipse.ui.workbench,3.7.0.I20110519-0100,"",1525603894626
activated,workbench,org.eclipse.ui.workbench,3.7.0.I20110519-0100,"",1525603898067
deactivated,workbench,org.eclipse.ui.workbench,3.7.0.I20110519-0100,"",1525603898494
activated,workbench,org.eclipse.ui.workbench,3.7.0.I20110519-0100,"",1525603977587
activated,view,org.eclipse.jdt.ui,3.7.0.v20110531-1200,"org.eclipse.jdt.ui.PackageExplorer",1525603978694
deactivated,workbench,org.eclipse.ui.workbench,3.7.0.I20110519-0100,"",1525603981377
activated,workbench,org.eclipse.ui.workbench,3.7.0.I20110519-0100,"",1525603992057
executed,command,org.eclipse.ui,3.7.0.I20110602-0100,"org.eclipse.ui.newWizard",1525603992074
opened,editor,org.eclipse.jdt.ui,3.7.0.v20110531-1200,"org.eclipse.jdt.ui.CompilationUnitEditor",1525603992158
activated,editor,org.eclipse.jdt.ui,3.7.0.v20110531-1200,"org.eclipse.jdt.ui.CompilationUnitEditor",1525603992270
deactivated,workbench,org.eclipse.ui.workbench,3.7.0.I20110519-0100,"",1525603994973
activated,workbench,org.eclipse.ui.workbench,3.7.0.I20110519-0100,"",1525603996584
deactivated,workbench,org.eclipse.ui.workbench,3.7.0.I20110519-0100,"",1525603997208
activated,workbench,org.eclipse.ui.workbench,3.7.0.I20110519-0100,"",1525604002140
executed,command,org.eclipse.ui,3.7.0.I20110602-0100,"org.eclipse.ui.edit.text.contentAssist.proposals",1525604004227
executed,command,org.eclipse.ui,3.7.0.I20110602-0100,"org.eclipse.ui.edit.text.contentAssist.proposals",1525604006464
executed,command,org.eclipse.ui,3.7.0.I20110602-0100,"org.eclipse.ui.file.save",1525604007875
deactivated,workbench,org.eclipse.ui.workbench,3.7.0.I20110519-0100,"",1525604013258
activated,workbench,org.eclipse.ui.workbench,3.7.0.I20110519-0100,"",1525604013354
executed,command,org.eclipse.ui.workbench.texteditor,3.7.0.v20110505-0800,"org.eclipse.ui.edit.text.delete.line",1525604015847
executed,command,org.eclipse.ui,3.7.0.I20110602-0100,"org.eclipse.ui.edit.paste",1525604018068
executed,command,org.eclipse.ui.workbench.texteditor,3.7.0.v20110505-0800,"org.eclipse.ui.edit.text.delete.line",1525604021623
executed,command,org.eclipse.ui,3.7.0.I20110602-0100,"org.eclipse.ui.edit.cut",1525604027186
executed,command,org.eclipse.ui.workbench.texteditor,3.7.0.v20110505-0800,"org.eclipse.ui.edit.text.delete.line",1525604028284
executed,command,org.eclipse.ui.workbench.texteditor,3.7.0.v20110505-0800,"org.eclipse.ui.edit.text.delete.line",1525604029027
executed,command,org.eclipse.ui.workbench.texteditor,3.7.0.v20110505-0800,"org.eclipse.ui.edit.text.delete.line",1525604029614
executed,command,org.eclipse.ui.workbench.texteditor,3.7.0.v20110505-0800,"org.eclipse.ui.edit.text.delete.line",1525604030161
